step,raw_return,normalized_score
50000,1530.5113593014953,46.98898695399995
100000,1433.6754138659933,43.97607124122784
150000,1559.507120418263,47.89114971886585
200000,1515.009883762492,46.506680110063336
250000,1636.0196114018959,50.27172942272657
300000,1716.9864253094595,52.79089918699221
