step,raw_return,normalized_score
50000,1241.116052778851,37.98485463202741
100000,1267.0695497765469,38.7923615815808
150000,1901.1640831113668,58.521330760075074
200000,1429.3191475603296,43.84053207607253
250000,1400.1643789551308,42.933422014433845
300000,1655.6823774374784,50.88350903079192
