gravity_scale,baseline_score,ensemble_score,baseline_drop,ensemble_drop
0.5,9.454069735255093,12.177845573933137,44.80904374892627,32.58478787995125
1.0,57.65671598277968,43.842892573379,8.765071520029657,2.0535449561657586
1.5,22.846086214068492,24.23133791224942,40.05697313191851,21.796732304068914
2.0,10.918865727202325,11.811473630080432,50.77059438217716,33.37277753053846
