shift_type,shift_level,raw_return,episode_length,robustness_drop
gravity,0.5,4208.801341057239,1000.0,0.26542523973954774
gravity,1.0,5729.575216503435,1000.0,0.0
gravity,1.5,4408.109105404995,1000.0,0.2306394560092512
gravity,2.0,2792.0983740252223,1000.0,0.512686670735576
