shift_type,shift_level,raw_return,episode_length,robustness_drop
gravity,0.5,1523.8390993091066,818.0,0.5653206672517122
gravity,1.0,3505.662644861757,954.2,0.0
gravity,1.5,736.8930661426396,224.9,0.7897992075128215
gravity,2.0,394.308935103233,139.8,0.8875222817913837
